    "Selection Sort",        "Merge Sort",        "Quick Sort"
            2.712413,            4.566412,            2.603056
           18.206032,           32.281323,           20.210970
