    "Selection Sort",        "Merge Sort",        "Quick Sort",         "Tree Sort"
            3.338364,            6.302299,            3.720169,            7.942306
           22.492092,           39.149991,           24.052707,           34.340856
